Name,Source
AS,assets/AS.png
2S,assets/2S.png
3S,assets/3S.png
4S,assets/4S.png
5S,assets/5S.png
6S,assets/6S.png
7S,assets/7S.png
8S,assets/8S.png
9S,assets/9S.png
10S,assets/10S.png
JS,assets/JS.png
QS,assets/QS.png
KS,assets/KS.png
AC,assets/AC.png
2C,assets/2C.png
3C,assets/3C.png
4C,assets/4C.png
5C,assets/5C.png
6C,assets/6C.png
7C,assets/7C.png
8C,assets/8C.png
9C,assets/9C.png
10C,assets/10C.png
JC,assets/JC.png
QC,assets/QC.png
KC,assets/KC.png
AH,assets/AH.png
2H,assets/2H.png
3H,assets/3H.png
4H,assets/4H.png
5H,assets/5H.png
6H,assets/6H.png
7H,assets/7H.png
8H,assets/8H.png
9H,assets/9H.png
1H,assets/1H.png
JH,assets/JH.png
QH,assets/QH.png
KH,assets/KH.png
AD,assets/AD.png
2D,assets/2D.png
3D,assets/3D.png
4D,assets/4D.png
5D,assets/5D.png
6D,assets/6D.png
7D,assets/7D.png
8D,assets/8D.png
9D,assets/9D.png
1D,assets/1D.png
JD,assets/JD.png
QD,assets/QD.png
KD,assets/KD.png
